frame,time_s,coarse_min,coarse_max,coarse_mean,coarse_nonzero_pct,fine_min,fine_max,fine_mean,fine_nonzero_pct,plume_inflow_avg,plume_mid_avg,plume_wake_avg,total_smoke_mass
0,0.0000,0.0000,1.0000,0.131998,63.08,0.0000,1.0000,0.131998,64.17,1.0000,0.4266,0.2542,2639.97
1,0.0167,0.0000,1.0000,0.132292,63.14,0.0000,1.0000,0.132292,64.20,1.0000,0.4279,0.2536,2645.85
2,0.0333,0.0000,1.0000,0.132584,63.26,0.0000,1.0000,0.132584,64.24,1.0000,0.4295,0.2528,2651.67
3,0.0500,0.0000,1.0000,0.132863,63.30,0.0000,1.0000,0.132863,64.30,1.0000,0.4312,0.2520,2657.25
4,0.0667,0.0000,1.0000,0.133119,63.38,0.0000,1.0000,0.133119,64.37,1.0000,0.4329,0.2511,2662.37
5,0.0833,0.0000,1.0000,0.133343,63.40,0.0000,1.0000,0.133343,64.45,1.0000,0.4343,0.2502,2666.85
6,0.1000,0.0000,1.0000,0.133528,63.46,0.0000,1.0000,0.133528,64.53,1.0000,0.4354,0.2493,2670.56
7,0.1167,0.0000,1.0000,0.133673,63.50,0.0000,1.0000,0.133673,64.61,1.0000,0.4360,0.2483,2673.45
8,0.1333,0.0000,1.0000,0.133782,63.60,0.0000,1.0000,0.133782,64.69,1.0000,0.4363,0.2472,2675.65
9,0.1500,0.0000,1.0000,0.133867,63.72,0.0000,1.0000,0.133867,64.77,1.0000,0.4363,0.2460,2677.34
10,0.1667,0.0000,1.0000,0.133939,63.78,0.0000,1.0000,0.133939,64.84,1.0000,0.4359,0.2447,2678.79
11,0.1833,0.0000,1.0000,0.134013,63.82,0.0000,1.0000,0.134013,64.89,1.0000,0.4355,0.2433,2680.25
12,0.2000,0.0000,1.0000,0.134098,63.86,0.0000,1.0000,0.134098,64.94,1.0000,0.4350,0.2419,2681.96
13,0.2167,0.0000,1.0000,0.134201,63.90,0.0000,1.0000,0.134201,64.96,1.0000,0.4345,0.2403,2684.02
14,0.2333,0.0000,1.0000,0.134321,63.94,0.0000,1.0000,0.134321,65.00,1.0000,0.4342,0.2387,2686.42
15,0.2500,0.0000,1.0000,0.134457,63.98,0.0000,1.0000,0.134457,65.04,1.0000,0.4340,0.2370,2689.15
16,0.2667,0.0000,1.0000,0.134610,64.02,0.0000,1.0000,0.134610,65.08,1.0000,0.4339,0.2353,2692.19
17,0.2833,0.0000,1.0000,0.134779,64.04,0.0000,1.0000,0.134779,65.10,1.0000,0.4342,0.2336,2695.57
18,0.3000,0.0000,1.0000,0.134962,64.04,0.0000,1.0000,0.134962,65.12,1.0000,0.4347,0.2318,2699.25
19,0.3167,0.0000,1.0000,0.135153,64.04,0.0000,1.0000,0.135153,65.12,1.0000,0.4355,0.2301,2703.05
20,0.3333,0.0000,1.0000,0.135341,64.08,0.0000,1.0000,0.135340,65.13,1.0000,0.4367,0.2283,2706.81
21,0.3500,0.0000,1.0000,0.135516,64.12,0.0000,1.0000,0.135516,65.14,1.0000,0.4381,0.2266,2710.33
22,0.3667,0.0000,1.0000,0.135669,64.12,0.0000,1.0000,0.135669,65.14,1.0000,0.4398,0.2249,2713.39
23,0.3833,0.0000,1.0000,0.135789,64.12,0.0000,1.0000,0.135789,65.14,1.0000,0.4415,0.2233,2715.78
24,0.4000,0.0000,1.0000,0.135864,64.12,0.0000,1.0000,0.135864,65.15,1.0000,0.4432,0.2218,2717.27
25,0.4167,0.0000,1.0000,0.135886,64.10,0.0000,1.0000,0.135886,65.12,1.0000,0.4446,0.2204,2717.72
26,0.4333,0.0000,1.0000,0.135855,64.10,0.0000,1.0000,0.135855,65.11,1.0000,0.4456,0.2191,2717.10
27,0.4500,0.0000,1.0000,0.135774,64.10,0.0000,1.0000,0.135774,65.09,1.0000,0.4462,0.2179,2715.49
28,0.4667,0.0000,1.0000,0.135655,64.14,0.0000,1.0000,0.135655,65.11,1.0000,0.4464,0.2169,2713.09
29,0.4833,0.0000,1.0000,0.135508,64.16,0.0000,1.0000,0.135508,65.12,1.0000,0.4463,0.2160,2710.16
30,0.5000,0.0000,1.0000,0.135349,64.20,0.0000,1.0000,0.135349,65.15,1.0000,0.4458,0.2153,2706.98
31,0.5167,0.0000,1.0000,0.135190,64.24,0.0000,1.0000,0.135190,65.18,1.0000,0.4452,0.2147,2703.80
32,0.5333,0.0000,1.0000,0.135042,64.26,0.0000,1.0000,0.135042,65.21,1.0000,0.4446,0.2143,2700.83
33,0.5500,0.0000,1.0000,0.134909,64.32,0.0000,1.0000,0.134909,65.25,1.0000,0.4440,0.2140,2698.18
34,0.5667,0.0000,1.0000,0.134792,64.36,0.0000,1.0000,0.134792,65.30,1.0000,0.4434,0.2138,2695.85
35,0.5833,0.0000,1.0000,0.134691,64.42,0.0000,1.0000,0.134691,65.35,1.0000,0.4431,0.2138,2693.81
36,0.6000,0.0000,1.0000,0.134603,64.44,0.0000,1.0000,0.134603,65.38,1.0000,0.4429,0.2138,2692.06
37,0.6167,0.0000,1.0000,0.134533,64.46,0.0000,1.0000,0.134533,65.40,1.0000,0.4430,0.2139,2690.67
38,0.6333,0.0000,1.0000,0.134487,64.46,0.0000,1.0000,0.134487,65.44,1.0000,0.4433,0.2141,2689.75
39,0.6500,0.0000,1.0000,0.134465,64.46,0.0000,1.0000,0.134465,65.45,1.0000,0.4440,0.2144,2689.31
40,0.6667,0.0000,1.0000,0.134463,64.44,0.0000,1.0000,0.134463,65.46,1.0000,0.4450,0.2147,2689.26
41,0.6833,0.0000,1.0000,0.134475,64.44,0.0000,1.0000,0.134475,65.48,1.0000,0.4463,0.2151,2689.50
42,0.7000,0.0000,1.0000,0.134498,64.44,0.0000,1.0000,0.134498,65.50,1.0000,0.4479,0.2156,2689.97
43,0.7167,0.0000,1.0000,0.134534,64.44,0.0000,1.0000,0.134534,65.52,1.0000,0.4495,0.2162,2690.68
44,0.7333,0.0000,1.0000,0.134582,64.44,0.0000,1.0000,0.134582,65.53,1.0000,0.4511,0.2168,2691.65
45,0.7500,0.0000,1.0000,0.134644,64.44,0.0000,1.0000,0.134644,65.56,1.0000,0.4525,0.2175,2692.89
46,0.7667,0.0000,1.0000,0.134719,64.48,0.0000,1.0000,0.134719,65.59,1.0000,0.4536,0.2183,2694.38
47,0.7833,0.0000,1.0000,0.134803,64.56,0.0000,1.0000,0.134803,65.62,1.0000,0.4543,0.2192,2696.05
48,0.8000,0.0000,1.0000,0.134891,64.62,0.0000,1.0000,0.134891,65.69,1.0000,0.4546,0.2202,2697.82
49,0.8167,0.0000,1.0000,0.134980,64.68,0.0000,1.0000,0.134980,65.78,1.0000,0.4545,0.2213,2699.60
50,0.8333,0.0000,1.0000,0.135068,64.78,0.0000,1.0000,0.135068,65.86,1.0000,0.4540,0.2224,2701.36
51,0.8500,0.0000,1.0000,0.135154,64.86,0.0000,1.0000,0.135154,65.94,1.0000,0.4534,0.2236,2703.09
52,0.8667,0.0000,1.0000,0.135240,64.96,0.0000,1.0000,0.135240,66.02,1.0000,0.4526,0.2249,2704.79
53,0.8833,0.0000,1.0000,0.135328,65.02,0.0000,1.0000,0.135328,66.11,1.0000,0.4518,0.2263,2706.55
54,0.9000,0.0000,1.0000,0.135421,65.08,0.0000,1.0000,0.135421,66.21,1.0000,0.4511,0.2278,2708.42
55,0.9167,0.0000,1.0000,0.135521,65.16,0.0000,1.0000,0.135521,66.27,1.0000,0.4506,0.2293,2710.42
56,0.9333,0.0000,1.0000,0.135630,65.24,0.0000,1.0000,0.135630,66.33,1.0000,0.4502,0.2309,2712.61
57,0.9500,0.0000,1.0000,0.135749,65.32,0.0000,1.0000,0.135749,66.35,1.0000,0.4501,0.2326,2714.98
58,0.9667,0.0000,1.0000,0.135875,65.40,0.0000,1.0000,0.135875,66.36,1.0000,0.4503,0.2343,2717.50
59,0.9833,0.0000,1.0000,0.136007,65.46,0.0000,1.0000,0.136007,66.37,1.0000,0.4508,0.2361,2720.15
60,1.0000,0.0000,1.0000,0.136142,65.56,0.0000,1.0000,0.136142,66.37,1.0000,0.4516,0.2379,2722.85
61,1.0167,0.0000,1.0000,0.136277,65.68,0.0000,1.0000,0.136277,66.38,1.0000,0.4527,0.2398,2725.54
62,1.0333,0.0000,1.0000,0.136408,65.78,0.0000,1.0000,0.136408,66.39,1.0000,0.4541,0.2417,2728.16
63,1.0500,0.0000,1.0000,0.136531,65.90,0.0000,1.0000,0.136531,66.39,1.0000,0.4556,0.2436,2730.62
64,1.0667,0.0000,1.0000,0.136643,66.00,0.0000,1.0000,0.136643,66.40,1.0000,0.4572,0.2455,2732.87
65,1.0833,0.0000,1.0000,0.136743,66.10,0.0000,1.0000,0.136743,66.41,1.0000,0.4586,0.2474,2734.85
66,1.1000,0.0000,1.0000,0.136827,66.14,0.0000,1.0000,0.136827,66.41,1.0000,0.4597,0.2493,2736.54
67,1.1167,0.0000,1.0000,0.136895,66.12,0.0000,1.0000,0.136895,66.42,1.0000,0.4606,0.2512,2737.89
68,1.1333,0.0000,1.0000,0.136943,66.08,0.0000,1.0000,0.136943,66.42,1.0000,0.4610,0.2531,2738.86
69,1.1500,0.0000,1.0000,0.136973,66.08,0.0000,1.0000,0.136973,66.42,1.0000,0.4611,0.2549,2739.45
70,1.1667,0.0000,1.0000,0.136984,66.04,0.0000,1.0000,0.136984,66.42,1.0000,0.4608,0.2567,2739.69
71,1.1833,0.0000,1.0000,0.136982,65.98,0.0000,1.0000,0.136982,66.44,1.0000,0.4602,0.2585,2739.65
72,1.2000,0.0000,1.0000,0.136971,65.96,0.0000,1.0000,0.136971,66.44,1.0000,0.4595,0.2602,2739.42
73,1.2167,0.0000,1.0000,0.136954,66.00,0.0000,1.0000,0.136954,66.44,1.0000,0.4588,0.2619,2739.09
74,1.2333,0.0000,1.0000,0.136936,65.96,0.0000,1.0000,0.136936,66.44,1.0000,0.4581,0.2636,2738.72
75,1.2500,0.0000,1.0000,0.136917,65.94,0.0000,1.0000,0.136917,66.44,1.0000,0.4576,0.2652,2738.35
76,1.2667,0.0000,1.0000,0.136898,65.94,0.0000,1.0000,0.136898,66.45,1.0000,0.4573,0.2669,2737.96
77,1.2833,0.0000,1.0000,0.136877,65.90,0.0000,1.0000,0.136877,66.44,1.0000,0.4572,0.2685,2737.55
78,1.3000,0.0000,1.0000,0.136856,65.92,0.0000,1.0000,0.136856,66.46,1.0000,0.4574,0.2701,2737.13
79,1.3167,0.0000,1.0000,0.136836,65.86,0.0000,1.0000,0.136836,66.45,1.0000,0.4579,0.2717,2736.71
80,1.3333,0.0000,1.0000,0.136816,65.90,0.0000,1.0000,0.136816,66.46,1.0000,0.4587,0.2733,2736.31
81,1.3500,0.0000,1.0000,0.136797,65.92,0.0000,1.0000,0.136797,66.47,1.0000,0.4599,0.2748,2735.93
82,1.3667,0.0000,1.0000,0.136778,65.94,0.0000,1.0000,0.136778,66.48,1.0000,0.4613,0.2763,2735.56
83,1.3833,0.0000,1.0000,0.136761,65.96,0.0000,1.0000,0.136761,66.49,1.0000,0.4629,0.2778,2735.22
84,1.4000,0.0000,1.0000,0.136748,65.94,0.0000,1.0000,0.136748,66.50,1.0000,0.4647,0.2793,2734.95
85,1.4167,0.0000,1.0000,0.136741,65.94,0.0000,1.0000,0.136741,66.51,1.0000,0.4663,0.2806,2734.83
86,1.4333,0.0000,1.0000,0.136745,65.94,0.0000,1.0000,0.136745,66.52,1.0000,0.4679,0.2820,2734.90
87,1.4500,0.0000,1.0000,0.136762,65.92,0.0000,1.0000,0.136762,66.52,1.0000,0.4691,0.2832,2735.24
88,1.4667,0.0000,1.0000,0.136793,65.88,0.0000,1.0000,0.136793,66.53,1.0000,0.4700,0.2844,2735.87
89,1.4833,0.0000,1.0000,0.136839,65.84,0.0000,1.0000,0.136839,66.53,1.0000,0.4705,0.2856,2736.78
90,1.5000,0.0000,1.0000,0.136899,65.82,0.0000,1.0000,0.136899,66.53,1.0000,0.4706,0.2866,2737.98
91,1.5167,0.0000,1.0000,0.136971,65.76,0.0000,1.0000,0.136971,66.53,1.0000,0.4705,0.2877,2739.43
92,1.5333,0.0000,1.0000,0.137056,65.74,0.0000,1.0000,0.137056,66.53,1.0000,0.4702,0.2887,2741.12
93,1.5500,0.0000,1.0000,0.137152,65.80,0.0000,1.0000,0.137152,66.53,1.0000,0.4697,0.2896,2743.04
94,1.5667,0.0000,1.0000,0.137262,65.88,0.0000,1.0000,0.137262,66.53,1.0000,0.4693,0.2905,2745.23
95,1.5833,0.0000,1.0000,0.137383,66.04,0.0000,1.0000,0.137383,66.55,1.0000,0.4690,0.2913,2747.66
96,1.6000,0.0000,1.0000,0.137516,66.14,0.0000,1.0000,0.137516,66.55,1.0000,0.4688,0.2921,2750.32
97,1.6167,0.0000,1.0000,0.137659,66.26,0.0000,1.0000,0.137659,66.55,1.0000,0.4689,0.2929,2753.18
98,1.6333,0.0000,1.0000,0.137810,66.38,0.0000,1.0000,0.137810,66.55,1.0000,0.4693,0.2936,2756.20
99,1.6500,0.0000,1.0000,0.137967,66.46,0.0000,1.0000,0.137967,66.55,1.0000,0.4700,0.2943,2759.33
100,1.6667,0.0000,1.0000,0.138127,66.52,0.0000,1.0000,0.138127,66.55,1.0000,0.4710,0.2950,2762.54
101,1.6833,0.0000,1.0000,0.138290,66.58,0.0000,1.0000,0.138290,66.55,1.0000,0.4724,0.2956,2765.80
102,1.7000,0.0000,1.0000,0.138454,66.64,0.0000,1.0000,0.138454,66.56,1.0000,0.4741,0.2962,2769.08
103,1.7167,0.0000,1.0000,0.138618,66.66,0.0000,1.0000,0.138618,66.57,1.0000,0.4760,0.2968,2772.37
104,1.7333,0.0000,1.0000,0.138784,66.66,0.0000,1.0000,0.138784,66.57,1.0000,0.4781,0.2974,2775.68
105,1.7500,0.0000,1.0000,0.138949,66.68,0.0000,1.0000,0.138949,66.59,1.0000,0.4804,0.2979,2778.99
106,1.7667,0.0000,1.0000,0.139114,66.68,0.0000,1.0000,0.139114,66.59,1.0000,0.4825,0.2984,2782.27
107,1.7833,0.0000,1.0000,0.139275,66.66,0.0000,1.0000,0.139275,66.59,1.0000,0.4846,0.2989,2785.49
108,1.8000,0.0000,1.0000,0.139430,66.66,0.0000,1.0000,0.139430,66.59,1.0000,0.4863,0.2993,2788.61
109,1.8167,0.0000,1.0000,0.139579,66.68,0.0000,1.0000,0.139579,66.59,1.0000,0.4878,0.2997,2791.58
110,1.8333,0.0000,1.0000,0.139718,66.68,0.0000,1.0000,0.139718,66.59,1.0000,0.4889,0.3001,2794.35
111,1.8500,0.0000,1.0000,0.139845,66.68,0.0000,1.0000,0.139845,66.59,1.0000,0.4897,0.3004,2796.89
112,1.8667,0.0000,1.0000,0.139958,66.68,0.0000,1.0000,0.139958,66.59,1.0000,0.4902,0.3008,2799.17
113,1.8833,0.0000,1.0000,0.140057,66.70,0.0000,1.0000,0.140057,66.59,1.0000,0.4906,0.3010,2801.15
114,1.9000,0.0000,1.0000,0.140141,66.70,0.0000,1.0000,0.140141,66.59,1.0000,0.4910,0.3013,2802.82
115,1.9167,0.0000,1.0000,0.140209,66.70,0.0000,1.0000,0.140209,66.61,1.0000,0.4914,0.3016,2804.18
116,1.9333,0.0000,1.0000,0.140262,66.70,0.0000,1.0000,0.140262,66.61,1.0000,0.4920,0.3018,2805.23
117,1.9500,0.0000,1.0000,0.140299,66.70,0.0000,1.0000,0.140299,66.61,1.0000,0.4928,0.3020,2805.98
118,1.9667,0.0000,1.0000,0.140322,66.72,0.0000,1.0000,0.140322,66.62,1.0000,0.4938,0.3022,2806.43
119,1.9833,0.0000,1.0000,0.140332,66.72,0.0000,1.0000,0.140332,66.62,1.0000,0.4952,0.3024,2806.63
120,2.0000,0.0000,1.0000,0.140331,66.72,0.0000,1.0000,0.140331,66.62,1.0000,0.4969,0.3026,2806.63
121,2.0167,0.0000,1.0000,0.140323,66.72,0.0000,1.0000,0.140323,66.62,1.0000,0.4989,0.3027,2806.46
122,2.0333,0.0000,1.0000,0.140308,66.72,0.0000,1.0000,0.140308,66.62,1.0000,0.5012,0.3028,2806.16
123,2.0500,0.0000,1.0000,0.140287,66.72,0.0000,1.0000,0.140287,66.63,1.0000,0.5038,0.3029,2805.75
124,2.0667,0.0000,1.0000,0.140262,66.76,0.0000,1.0000,0.140262,66.64,1.0000,0.5066,0.3029,2805.24
125,2.0833,0.0000,1.0000,0.140234,66.74,0.0000,1.0000,0.140234,66.64,1.0000,0.5095,0.3029,2804.68
126,2.1000,0.0000,1.0000,0.140205,66.74,0.0000,1.0000,0.140205,66.64,1.0000,0.5126,0.3029,2804.10
127,2.1167,0.0000,1.0000,0.140180,66.76,0.0000,1.0000,0.140179,66.64,1.0000,0.5155,0.3029,2803.59
128,2.1333,0.0000,1.0000,0.140160,66.76,0.0000,1.0000,0.140160,66.64,1.0000,0.5183,0.3029,2803.20
129,2.1500,0.0000,1.0000,0.140150,66.76,0.0000,1.0000,0.140150,66.65,1.0000,0.5209,0.3029,2803.01
130,2.1667,0.0000,1.0000,0.140153,66.80,0.0000,1.0000,0.140153,66.66,1.0000,0.5231,0.3029,2803.06
131,2.1833,0.0000,1.0000,0.140170,66.82,0.0000,1.0000,0.140170,66.66,1.0000,0.5250,0.3029,2803.39
132,2.2000,0.0000,1.0000,0.140202,66.84,0.0000,1.0000,0.140202,66.66,1.0000,0.5267,0.3029,2804.05
133,2.2167,0.0000,1.0000,0.140251,66.86,0.0000,1.0000,0.140251,66.66,1.0000,0.5282,0.3029,2805.03
134,2.2333,0.0000,1.0000,0.140317,66.88,0.0000,1.0000,0.140317,66.66,1.0000,0.5295,0.3029,2806.35
135,2.2500,0.0000,1.0000,0.140401,66.88,0.0000,1.0000,0.140401,66.66,1.0000,0.5309,0.3029,2808.02
136,2.2667,0.0000,1.0000,0.140503,66.88,0.0000,1.0000,0.140503,66.66,1.0000,0.5324,0.3028,2810.06
137,2.2833,0.0000,1.0000,0.140624,66.88,0.0000,1.0000,0.140624,66.67,1.0000,0.5341,0.3028,2812.47
138,2.3000,0.0000,1.0000,0.140760,66.88,0.0000,1.0000,0.140760,66.68,1.0000,0.5361,0.3028,2815.21
139,2.3167,0.0000,1.0000,0.140911,66.90,0.0000,1.0000,0.140911,66.68,1.0000,0.5383,0.3027,2818.23
140,2.3333,0.0000,1.0000,0.141074,66.90,0.0000,1.0000,0.141074,66.68,1.0000,0.5409,0.3027,2821.48
141,2.3500,0.0000,1.0000,0.141246,66.90,0.0000,1.0000,0.141246,66.69,1.0000,0.5438,0.3027,2824.92
142,2.3667,0.0000,1.0000,0.141423,66.88,0.0000,1.0000,0.141423,66.69,1.0000,0.5470,0.3026,2828.47
143,2.3833,0.0000,1.0000,0.141604,66.90,0.0000,1.0000,0.141604,66.69,1.0000,0.5504,0.3026,2832.08
144,2.4000,0.0000,1.0000,0.141786,66.90,0.0000,1.0000,0.141786,66.70,1.0000,0.5541,0.3025,2835.72
145,2.4167,0.0000,1.0000,0.141967,66.90,0.0000,1.0000,0.141967,66.70,1.0000,0.5580,0.3024,2839.34
146,2.4333,0.0000,1.0000,0.142145,66.90,0.0000,1.0000,0.142145,66.70,1.0000,0.5620,0.3024,2842.91
147,2.4500,0.0000,1.0000,0.142320,66.90,0.0000,1.0000,0.142320,66.70,1.0000,0.5661,0.3023,2846.40
148,2.4667,0.0000,1.0000,0.142490,66.90,0.0000,1.0000,0.142490,66.70,1.0000,0.5700,0.3022,2849.80
149,2.4833,0.0000,1.0000,0.142656,66.94,0.0000,1.0000,0.142656,66.70,1.0000,0.5738,0.3021,2853.12
150,2.5000,0.0000,1.0000,0.142817,66.94,0.0000,1.0000,0.142816,66.71,1.0000,0.5774,0.3020,2856.33
151,2.5167,0.0000,1.0000,0.142971,66.92,0.0000,1.0000,0.142971,66.71,1.0000,0.5807,0.3019,2859.42
152,2.5333,0.0000,1.0000,0.143120,66.92,0.0000,1.0000,0.143120,66.72,1.0000,0.5837,0.3018,2862.39
153,2.5500,0.0000,1.0000,0.143262,66.94,0.0000,1.0000,0.143262,66.72,1.0000,0.5864,0.3017,2865.23
154,2.5667,0.0000,1.0000,0.143397,66.94,0.0000,1.0000,0.143397,66.72,1.0000,0.5890,0.3017,2867.94
155,2.5833,0.0000,1.0000,0.143525,66.94,0.0000,1.0000,0.143525,66.72,1.0000,0.5915,0.3016,2870.50
156,2.6000,0.0000,1.0000,0.143645,66.92,0.0000,1.0000,0.143645,66.72,1.0000,0.5940,0.3015,2872.90
157,2.6167,0.0000,1.0000,0.143757,66.90,0.0000,1.0000,0.143757,66.72,1.0000,0.5966,0.3014,2875.14
158,2.6333,0.0000,1.0000,0.143861,66.92,0.0000,1.0000,0.143861,66.71,1.0000,0.5993,0.3013,2877.22
159,2.6500,0.0000,1.0000,0.143955,66.92,0.0000,1.0000,0.143955,66.72,1.0000,0.6022,0.3012,2879.09
160,2.6667,0.0000,1.0000,0.144036,66.94,0.0000,1.0000,0.144036,66.72,1.0000,0.6053,0.3012,2880.72
161,2.6833,0.0000,1.0000,0.144103,66.94,0.0000,1.0000,0.144103,66.72,1.0000,0.6086,0.3011,2882.07
162,2.7000,0.0000,1.0000,0.144156,66.94,0.0000,1.0000,0.144156,66.72,1.0000,0.6121,0.3010,2883.12
163,2.7167,0.0000,1.0000,0.144194,66.94,0.0000,1.0000,0.144194,66.73,1.0000,0.6159,0.3010,2883.87
164,2.7333,0.0000,1.0000,0.144217,66.94,0.0000,1.0000,0.144217,66.75,1.0000,0.6197,0.3009,2884.34
165,2.7500,0.0000,1.0000,0.144227,66.94,0.0000,1.0000,0.144227,66.75,1.0000,0.6237,0.3008,2884.54
166,2.7667,0.0000,1.0000,0.144226,66.94,0.0000,1.0000,0.144226,66.76,1.0000,0.6277,0.3007,2884.52
167,2.7833,0.0000,1.0000,0.144215,66.98,0.0000,1.0000,0.144215,66.76,1.0000,0.6317,0.3007,2884.30
168,2.8000,0.0000,1.0000,0.144197,66.98,0.0000,1.0000,0.144197,66.77,1.0000,0.6357,0.3006,2883.94
169,2.8167,0.0000,1.0000,0.144175,66.98,0.0000,1.0000,0.144175,66.77,1.0000,0.6395,0.3005,2883.50
170,2.8333,0.0000,1.0000,0.144153,66.98,0.0000,1.0000,0.144153,66.77,1.0000,0.6432,0.3005,2883.06
171,2.8500,0.0000,1.0000,0.144134,66.98,0.0000,1.0000,0.144134,66.77,1.0000,0.6466,0.3004,2882.67
172,2.8667,0.0000,1.0000,0.144121,66.98,0.0000,1.0000,0.144121,66.78,1.0000,0.6497,0.3003,2882.42
173,2.8833,0.0000,1.0000,0.144118,66.98,0.0000,1.0000,0.144118,66.79,1.0000,0.6526,0.3002,2882.36
174,2.9000,0.0000,1.0000,0.144129,67.00,0.0000,1.0000,0.144129,66.79,1.0000,0.6553,0.3002,2882.57
175,2.9167,0.0000,1.0000,0.144154,67.00,0.0000,1.0000,0.144154,66.79,1.0000,0.6579,0.3001,2883.08
176,2.9333,0.0000,1.0000,0.144194,67.00,0.0000,1.0000,0.144194,66.79,1.0000,0.6603,0.3000,2883.89
177,2.9500,0.0000,1.0000,0.144250,67.00,0.0000,1.0000,0.144250,66.79,1.0000,0.6628,0.2999,2885.01
178,2.9667,0.0000,1.0000,0.144321,67.02,0.0000,1.0000,0.144321,66.79,1.0000,0.6653,0.2998,2886.43
179,2.9833,0.0000,1.0000,0.144406,67.02,0.0000,1.0000,0.144406,66.79,1.0000,0.6680,0.2998,2888.11
180,3.0000,0.0000,1.0000,0.144501,67.02,0.0000,1.0000,0.144501,66.79,1.0000,0.6707,0.2997,2890.01
181,3.0167,0.0000,1.0000,0.144603,67.02,0.0000,1.0000,0.144603,66.80,1.0000,0.6736,0.2996,2892.05
182,3.0333,0.0000,1.0000,0.144709,67.02,0.0000,1.0000,0.144709,66.79,1.0000,0.6767,0.2995,2894.18
183,3.0500,0.0000,1.0000,0.144818,67.02,0.0000,1.0000,0.144818,66.80,1.0000,0.6799,0.2994,2896.36
184,3.0667,0.0000,1.0000,0.144929,67.00,0.0000,1.0000,0.144929,66.80,1.0000,0.6832,0.2993,2898.57
185,3.0833,0.0000,1.0000,0.145040,67.00,0.0000,1.0000,0.145040,66.80,1.0000,0.6865,0.2992,2900.80
186,3.1000,0.0000,1.0000,0.145152,67.00,0.0000,1.0000,0.145152,66.80,1.0000,0.6900,0.2991,2903.04
187,3.1167,0.0000,1.0000,0.145266,67.00,0.0000,1.0000,0.145266,66.80,1.0000,0.6934,0.2990,2905.31
188,3.1333,0.0000,1.0000,0.145380,67.00,0.0000,1.0000,0.145380,66.81,1.0000,0.6968,0.2989,2907.60
189,3.1500,0.0000,1.0000,0.145496,67.00,0.0000,1.0000,0.145496,66.82,1.0000,0.7001,0.2988,2909.92
190,3.1667,0.0000,1.0000,0.145615,67.00,0.0000,1.0000,0.145615,66.82,1.0000,0.7032,0.2987,2912.30
191,3.1833,0.0000,1.0000,0.145736,67.00,0.0000,1.0000,0.145736,66.83,1.0000,0.7062,0.2985,2914.71
192,3.2000,0.0000,1.0000,0.145857,67.00,0.0000,1.0000,0.145857,66.83,1.0000,0.7090,0.2984,2917.14
193,3.2167,0.0000,1.0000,0.145977,67.00,0.0000,1.0000,0.145977,66.82,1.0000,0.7116,0.2983,2919.54
194,3.2333,0.0000,1.0000,0.146095,67.00,0.0000,1.0000,0.146095,66.82,1.0000,0.7140,0.2982,2921.90
195,3.2500,0.0000,1.0000,0.146210,67.02,0.0000,1.0000,0.146210,66.81,1.0000,0.7161,0.2980,2924.19
196,3.2667,0.0000,1.0000,0.146319,67.02,0.0000,1.0000,0.146319,66.81,1.0000,0.7182,0.2979,2926.38
197,3.2833,0.0000,1.0000,0.146422,67.02,0.0000,1.0000,0.146422,66.82,1.0000,0.7201,0.2978,2928.44
198,3.3000,0.0000,1.0000,0.146517,67.02,0.0000,1.0000,0.146517,66.81,1.0000,0.7220,0.2977,2930.34
199,3.3167,0.0000,1.0000,0.146604,67.06,0.0000,1.0000,0.146604,66.82,1.0000,0.7238,0.2976,2932.09
200,3.3333,0.0000,1.0000,0.146683,67.06,0.0000,1.0000,0.146683,66.82,1.0000,0.7256,0.2975,2933.67
201,3.3500,0.0000,1.0000,0.146754,67.06,0.0000,1.0000,0.146754,66.81,1.0000,0.7275,0.2973,2935.08
202,3.3667,0.0000,1.0000,0.146815,67.06,0.0000,1.0000,0.146815,66.81,1.0000,0.7294,0.2972,2936.30
203,3.3833,0.0000,1.0000,0.146868,67.04,0.0000,1.0000,0.146868,66.82,1.0000,0.7312,0.2971,2937.36
204,3.4000,0.0000,1.0000,0.146914,67.04,0.0000,1.0000,0.146914,66.82,1.0000,0.7331,0.2970,2938.28
205,3.4167,0.0000,1.0000,0.146955,67.04,0.0000,1.0000,0.146955,66.82,1.0000,0.7349,0.2969,2939.09
206,3.4333,0.0000,1.0000,0.146991,67.04,0.0000,1.0000,0.146991,66.83,1.0000,0.7367,0.2968,2939.82
207,3.4500,0.0000,1.0000,0.147024,67.04,0.0000,1.0000,0.147024,66.83,1.0000,0.7384,0.2967,2940.48
208,3.4667,0.0000,1.0000,0.147055,67.04,0.0000,1.0000,0.147055,66.83,1.0000,0.7399,0.2966,2941.10
209,3.4833,0.0000,1.0000,0.147084,67.02,0.0000,1.0000,0.147084,66.84,1.0000,0.7412,0.2965,2941.68
210,3.5000,0.0000,1.0000,0.147111,67.02,0.0000,1.0000,0.147111,66.85,1.0000,0.7423,0.2964,2942.21
211,3.5167,0.0000,1.0000,0.147136,67.02,0.0000,1.0000,0.147136,66.85,1.0000,0.7430,0.2962,2942.72
212,3.5333,0.0000,1.0000,0.147160,67.02,0.0000,1.0000,0.147160,66.86,1.0000,0.7434,0.2961,2943.21
213,3.5500,0.0000,1.0000,0.147184,67.02,0.0000,1.0000,0.147184,66.86,1.0000,0.7434,0.2960,2943.68
214,3.5667,0.0000,1.0000,0.147207,67.02,0.0000,1.0000,0.147207,66.86,1.0000,0.7430,0.2958,2944.14
215,3.5833,0.0000,1.0000,0.147230,67.02,0.0000,1.0000,0.147230,66.86,1.0000,0.7422,0.2957,2944.60
216,3.6000,0.0000,1.0000,0.147253,67.06,0.0000,1.0000,0.147253,66.86,1.0000,0.7411,0.2955,2945.07
217,3.6167,0.0000,1.0000,0.147277,67.06,0.0000,1.0000,0.147277,66.86,1.0000,0.7396,0.2954,2945.53
218,3.6333,0.0000,1.0000,0.147299,67.06,0.0000,1.0000,0.147299,66.86,1.0000,0.7377,0.2952,2945.99
219,3.6500,0.0000,1.0000,0.147321,67.06,0.0000,1.0000,0.147321,66.86,1.0000,0.7355,0.2950,2946.42
220,3.6667,0.0000,1.0000,0.147340,67.08,0.0000,1.0000,0.147340,66.86,1.0000,0.7329,0.2948,2946.81
221,3.6833,0.0000,1.0000,0.147357,67.08,0.0000,1.0000,0.147357,66.85,1.0000,0.7300,0.2946,2947.14
222,3.7000,0.0000,1.0000,0.147369,67.08,0.0000,1.0000,0.147369,66.84,1.0000,0.7268,0.2944,2947.39
223,3.7167,0.0000,1.0000,0.147378,67.08,0.0000,1.0000,0.147378,66.84,1.0000,0.7233,0.2941,2947.55
224,3.7333,0.0000,1.0000,0.147381,67.06,0.0000,1.0000,0.147381,66.85,1.0000,0.7194,0.2939,2947.62
225,3.7500,0.0000,1.0000,0.147382,67.04,0.0000,1.0000,0.147382,66.85,1.0000,0.7151,0.2936,2947.64
226,3.7667,0.0000,1.0000,0.147380,67.04,0.0000,1.0000,0.147380,66.85,1.0000,0.7105,0.2933,2947.61
227,3.7833,0.0000,1.0000,0.147377,67.04,0.0000,1.0000,0.147377,66.86,1.0000,0.7056,0.2931,2947.55
228,3.8000,0.0000,1.0000,0.147374,67.04,0.0000,1.0000,0.147374,66.86,1.0000,0.7003,0.2928,2947.48
229,3.8167,0.0000,1.0000,0.147370,67.04,0.0000,1.0000,0.147370,66.86,1.0000,0.6948,0.2925,2947.41
230,3.8333,0.0000,1.0000,0.147366,67.02,0.0000,1.0000,0.147366,66.86,1.0000,0.6890,0.2922,2947.31
231,3.8500,0.0000,1.0000,0.147360,67.02,0.0000,1.0000,0.147360,66.86,1.0000,0.6829,0.2919,2947.20
232,3.8667,0.0000,1.0000,0.147353,67.02,0.0000,1.0000,0.147353,66.87,1.0000,0.6766,0.2916,2947.07
233,3.8833,0.0000,1.0000,0.147346,67.04,0.0000,1.0000,0.147346,66.86,1.0000,0.6702,0.2912,2946.93
234,3.9000,0.0000,1.0000,0.147338,67.08,0.0000,1.0000,0.147338,66.86,1.0000,0.6636,0.2909,2946.77
235,3.9167,0.0000,1.0000,0.147330,67.10,0.0000,1.0000,0.147330,66.86,1.0000,0.6569,0.2906,2946.59
236,3.9333,0.0000,1.0000,0.147320,67.10,0.0000,1.0000,0.147320,66.86,1.0000,0.6502,0.2902,2946.40
237,3.9500,0.0000,1.0000,0.147310,67.12,0.0000,1.0000,0.147310,66.86,1.0000,0.6434,0.2899,2946.20
238,3.9667,0.0000,1.0000,0.147300,67.12,0.0000,1.0000,0.147300,66.87,1.0000,0.6366,0.2896,2946.00
239,3.9833,0.0000,1.0000,0.147290,67.12,0.0000,1.0000,0.147290,66.86,1.0000,0.6298,0.2892,2945.79
240,4.0000,0.0000,1.0000,0.147279,67.12,0.0000,1.0000,0.147279,66.86,1.0000,0.6231,0.2889,2945.58
241,4.0167,0.0000,1.0000,0.147269,67.10,0.0000,1.0000,0.147269,66.86,1.0000,0.6163,0.2885,2945.38
242,4.0333,0.0000,1.0000,0.147258,67.10,0.0000,1.0000,0.147258,66.86,1.0000,0.6097,0.2882,2945.17
243,4.0500,0.0000,1.0000,0.147248,67.10,0.0000,1.0000,0.147248,66.86,1.0000,0.6031,0.2878,2944.96
244,4.0667,0.0000,1.0000,0.147240,67.10,0.0000,1.0000,0.147240,66.87,1.0000,0.5966,0.2875,2944.79
245,4.0833,0.0000,1.0000,0.147234,67.12,0.0000,1.0000,0.147234,66.86,1.0000,0.5901,0.2871,2944.67
246,4.1000,0.0000,1.0000,0.147232,67.10,0.0000,1.0000,0.147232,66.86,1.0000,0.5838,0.2868,2944.65
247,4.1167,0.0000,1.0000,0.147238,67.10,0.0000,1.0000,0.147238,66.86,1.0000,0.5776,0.2865,2944.75
248,4.1333,0.0000,1.0000,0.147251,67.10,0.0000,1.0000,0.147251,66.87,1.0000,0.5714,0.2862,2945.03
249,4.1500,0.0000,1.0000,0.147276,67.10,0.0000,1.0000,0.147276,66.87,1.0000,0.5654,0.2859,2945.52
250,4.1667,0.0000,1.0000,0.147313,67.10,0.0000,1.0000,0.147313,66.87,1.0000,0.5596,0.2857,2946.27
251,4.1833,0.0000,1.0000,0.147363,67.08,0.0000,1.0000,0.147363,66.88,1.0000,0.5539,0.2854,2947.27
252,4.2000,0.0000,1.0000,0.147425,67.06,0.0000,1.0000,0.147425,66.87,1.0000,0.5484,0.2852,2948.49
253,4.2167,0.0000,1.0000,0.147495,67.08,0.0000,1.0000,0.147495,66.88,1.0000,0.5431,0.2849,2949.91
254,4.2333,0.0000,1.0000,0.147573,67.10,0.0000,1.0000,0.147573,66.88,1.0000,0.5380,0.2847,2951.46
255,4.2500,0.0000,1.0000,0.147654,67.10,0.0000,1.0000,0.147654,66.88,1.0000,0.5329,0.2845,2953.07
256,4.2667,0.0000,1.0000,0.147734,67.10,0.0000,1.0000,0.147734,66.88,1.0000,0.5280,0.2843,2954.67
257,4.2833,0.0000,1.0000,0.147809,67.10,0.0000,1.0000,0.147809,66.87,1.0000,0.5231,0.2841,2956.17
258,4.3000,0.0000,1.0000,0.147873,67.12,0.0000,1.0000,0.147873,66.87,1.0000,0.5183,0.2838,2957.46
259,4.3167,0.0000,1.0000,0.147922,67.12,0.0000,1.0000,0.147922,66.87,1.0000,0.5134,0.2836,2958.43
260,4.3333,0.0000,1.0000,0.147949,67.10,0.0000,1.0000,0.147949,66.86,1.0000,0.5087,0.2834,2958.98
261,4.3500,0.0000,1.0000,0.147951,67.10,0.0000,1.0000,0.147951,66.86,1.0000,0.5040,0.2831,2959.03
262,4.3667,0.0000,1.0000,0.147929,67.08,0.0000,1.0000,0.147929,66.86,1.0000,0.4993,0.2829,2958.59
263,4.3833,0.0000,1.0000,0.147884,67.08,0.0000,1.0000,0.147884,66.86,1.0000,0.4948,0.2826,2957.69
264,4.4000,0.0000,1.0000,0.147821,67.10,0.0000,1.0000,0.147821,66.87,1.0000,0.4903,0.2823,2956.42
265,4.4167,0.0000,1.0000,0.147744,67.10,0.0000,1.0000,0.147744,66.86,1.0000,0.4860,0.2820,2954.88
266,4.4333,0.0000,1.0000,0.147657,67.10,0.0000,1.0000,0.147657,66.86,1.0000,0.4817,0.2817,2953.14
267,4.4500,0.0000,1.0000,0.147562,67.10,0.0000,1.0000,0.147562,66.86,1.0000,0.4775,0.2813,2951.24
268,4.4667,0.0000,1.0000,0.147459,67.08,0.0000,1.0000,0.147459,66.86,1.0000,0.4734,0.2810,2949.19
269,4.4833,0.0000,1.0000,0.147349,67.08,0.0000,1.0000,0.147349,66.86,1.0000,0.4694,0.2806,2946.98
270,4.5000,0.0000,1.0000,0.147230,67.10,0.0000,1.0000,0.147230,66.87,1.0000,0.4654,0.2802,2944.60
271,4.5167,0.0000,1.0000,0.147104,67.08,0.0000,1.0000,0.147104,66.87,1.0000,0.4617,0.2798,2942.08
272,4.5333,0.0000,1.0000,0.146970,67.08,0.0000,1.0000,0.146970,66.88,1.0000,0.4581,0.2795,2939.40
273,4.5500,0.0000,1.0000,0.146829,67.10,0.0000,1.0000,0.146829,66.88,1.0000,0.4546,0.2791,2936.58
274,4.5667,0.0000,1.0000,0.146682,67.10,0.0000,1.0000,0.146682,66.88,1.0000,0.4514,0.2787,2933.64
275,4.5833,0.0000,1.0000,0.146529,67.10,0.0000,1.0000,0.146529,66.88,1.0000,0.4483,0.2783,2930.59
276,4.6000,0.0000,1.0000,0.146374,67.10,0.0000,1.0000,0.146374,66.88,1.0000,0.4452,0.2780,2927.47
277,4.6167,0.0000,1.0000,0.146219,67.10,0.0000,1.0000,0.146219,66.88,1.0000,0.4423,0.2776,2924.38
278,4.6333,0.0000,1.0000,0.146069,67.10,0.0000,1.0000,0.146069,66.88,1.0000,0.4394,0.2773,2921.38
279,4.6500,0.0000,1.0000,0.145928,67.10,0.0000,1.0000,0.145928,66.87,1.0000,0.4365,0.2769,2918.56
280,4.6667,0.0000,1.0000,0.145800,67.12,0.0000,1.0000,0.145800,66.87,1.0000,0.4335,0.2766,2916.00
281,4.6833,0.0000,1.0000,0.145688,67.14,0.0000,1.0000,0.145688,66.87,1.0000,0.4306,0.2763,2913.77
282,4.7000,0.0000,1.0000,0.145594,67.14,0.0000,1.0000,0.145594,66.87,1.0000,0.4277,0.2760,2911.87
283,4.7167,0.0000,1.0000,0.145516,67.12,0.0000,1.0000,0.145516,66.86,1.0000,0.4249,0.2757,2910.33
284,4.7333,0.0000,1.0000,0.145455,67.10,0.0000,1.0000,0.145455,66.86,1.0000,0.4221,0.2754,2909.10
285,4.7500,0.0000,1.0000,0.145409,67.12,0.0000,1.0000,0.145409,66.87,1.0000,0.4194,0.2752,2908.19
286,4.7667,0.0000,1.0000,0.145380,67.12,0.0000,1.0000,0.145380,66.87,1.0000,0.4167,0.2749,2907.60
287,4.7833,0.0000,1.0000,0.145368,67.12,0.0000,1.0000,0.145368,66.87,1.0000,0.4141,0.2747,2907.35
288,4.8000,0.0000,1.0000,0.145372,67.12,0.0000,1.0000,0.145372,66.86,1.0000,0.4115,0.2745,2907.43
289,4.8167,0.0000,1.0000,0.145392,67.10,0.0000,1.0000,0.145392,66.88,1.0000,0.4090,0.2743,2907.83
290,4.8333,0.0000,1.0000,0.145428,67.10,0.0000,1.0000,0.145428,66.88,1.0000,0.4065,0.2741,2908.55
291,4.8500,0.0000,1.0000,0.145479,67.10,0.0000,1.0000,0.145479,66.88,1.0000,0.4041,0.2739,2909.58
292,4.8667,0.0000,1.0000,0.145546,67.10,0.0000,1.0000,0.145546,66.88,1.0000,0.4018,0.2738,2910.91
293,4.8833,0.0000,1.0000,0.145626,67.10,0.0000,1.0000,0.145626,66.88,1.0000,0.3996,0.2736,2912.52
294,4.9000,0.0000,1.0000,0.145719,67.08,0.0000,1.0000,0.145719,66.88,1.0000,0.3975,0.2734,2914.38
295,4.9167,0.0000,1.0000,0.145821,67.08,0.0000,1.0000,0.145821,66.88,1.0000,0.3955,0.2733,2916.42
296,4.9333,0.0000,1.0000,0.145930,67.08,0.0000,1.0000,0.145930,66.88,1.0000,0.3937,0.2731,2918.60
297,4.9500,0.0000,1.0000,0.146040,67.10,0.0000,1.0000,0.146040,66.88,1.0000,0.3919,0.2729,2920.80
298,4.9667,0.0000,1.0000,0.146146,67.10,0.0000,1.0000,0.146146,66.88,1.0000,0.3901,0.2728,2922.93
299,4.9833,0.0000,1.0000,0.146242,67.12,0.0000,1.0000,0.146242,66.88,1.0000,0.3884,0.2726,2924.83
300,5.0000,0.0000,1.0000,0.146319,67.12,0.0000,1.0000,0.146319,66.87,1.0000,0.3867,0.2724,2926.38
301,5.0167,0.0000,1.0000,0.146373,67.12,0.0000,1.0000,0.146373,66.87,1.0000,0.3850,0.2722,2927.47
302,5.0333,0.0000,1.0000,0.146400,67.10,0.0000,1.0000,0.146400,66.87,1.0000,0.3834,0.2721,2928.00
303,5.0500,0.0000,1.0000,0.146398,67.12,0.0000,1.0000,0.146398,66.86,1.0000,0.3817,0.2719,2927.97
304,5.0667,0.0000,1.0000,0.146370,67.10,0.0000,1.0000,0.146370,66.86,1.0000,0.3801,0.2716,2927.40
305,5.0833,0.0000,1.0000,0.146317,67.10,0.0000,1.0000,0.146317,66.86,1.0000,0.3785,0.2714,2926.33
306,5.1000,0.0000,1.0000,0.146243,67.10,0.0000,1.0000,0.146243,66.87,1.0000,0.3770,0.2712,2924.85
307,5.1167,0.0000,1.0000,0.146150,67.10,0.0000,1.0000,0.146150,66.86,1.0000,0.3755,0.2709,2923.01
308,5.1333,0.0000,1.0000,0.146041,67.10,0.0000,1.0000,0.146041,66.86,1.0000,0.3741,0.2707,2920.81
309,5.1500,0.0000,1.0000,0.145913,67.10,0.0000,1.0000,0.145913,66.85,1.0000,0.3727,0.2704,2918.26
310,5.1667,0.0000,1.0000,0.145766,67.08,0.0000,1.0000,0.145766,66.86,1.0000,0.3713,0.2701,2915.33
311,5.1833,0.0000,1.0000,0.145604,67.08,0.0000,1.0000,0.145604,66.86,1.0000,0.3699,0.2698,2912.07
312,5.2000,0.0000,1.0000,0.145430,67.08,0.0000,1.0000,0.145430,66.87,1.0000,0.3686,0.2695,2908.60
313,5.2167,0.0000,1.0000,0.145253,67.08,0.0000,1.0000,0.145253,66.87,1.0000,0.3674,0.2693,2905.05
314,5.2333,0.0000,1.0000,0.145072,67.06,0.0000,1.0000,0.145072,66.87,1.0000,0.3662,0.2690,2901.43
315,5.2500,0.0000,1.0000,0.144887,67.06,0.0000,1.0000,0.144887,66.88,1.0000,0.3651,0.2687,2897.73
316,5.2667,0.0000,1.0000,0.144698,67.04,0.0000,1.0000,0.144698,66.88,1.0000,0.3641,0.2685,2893.97
317,5.2833,0.0000,1.0000,0.144510,67.06,0.0000,1.0000,0.144510,66.88,1.0000,0.3631,0.2682,2890.21
318,5.3000,0.0000,1.0000,0.144327,67.08,0.0000,1.0000,0.144327,66.88,1.0000,0.3622,0.2680,2886.55
319,5.3167,0.0000,1.0000,0.144154,67.08,0.0000,1.0000,0.144154,66.88,1.0000,0.3614,0.2678,2883.08
320,5.3333,0.0000,1.0000,0.143994,67.08,0.0000,1.0000,0.143994,66.88,1.0000,0.3605,0.2676,2879.88
321,5.3500,0.0000,1.0000,0.143851,67.10,0.0000,1.0000,0.143851,66.87,1.0000,0.3596,0.2673,2877.02
322,5.3667,0.0000,1.0000,0.143727,67.12,0.0000,1.0000,0.143727,66.87,1.0000,0.3587,0.2672,2874.54
323,5.3833,0.0000,1.0000,0.143622,67.12,0.0000,1.0000,0.143622,66.87,1.0000,0.3578,0.2670,2872.44
324,5.4000,0.0000,1.0000,0.143537,67.12,0.0000,1.0000,0.143537,66.86,1.0000,0.3569,0.2668,2870.74
325,5.4167,0.0000,1.0000,0.143471,67.12,0.0000,1.0000,0.143471,66.86,1.0000,0.3561,0.2666,2869.42
326,5.4333,0.0000,1.0000,0.143423,67.12,0.0000,1.0000,0.143423,66.86,1.0000,0.3552,0.2665,2868.45
327,5.4500,0.0000,1.0000,0.143390,67.10,0.0000,1.0000,0.143390,66.86,1.0000,0.3544,0.2663,2867.79
328,5.4667,0.0000,1.0000,0.143371,67.10,0.0000,1.0000,0.143371,66.87,1.0000,0.3536,0.2662,2867.43
329,5.4833,0.0000,1.0000,0.143369,67.12,0.0000,1.0000,0.143369,66.87,1.0000,0.3529,0.2661,2867.37
330,5.5000,0.0000,1.0000,0.143380,67.12,0.0000,1.0000,0.143380,66.87,1.0000,0.3521,0.2660,2867.60
331,5.5167,0.0000,1.0000,0.143404,67.10,0.0000,1.0000,0.143404,66.87,1.0000,0.3514,0.2658,2868.09
332,5.5333,0.0000,1.0000,0.143441,67.08,0.0000,1.0000,0.143441,66.88,1.0000,0.3507,0.2657,2868.82
333,5.5500,0.0000,1.0000,0.143490,67.08,0.0000,1.0000,0.143490,66.88,1.0000,0.3500,0.2656,2869.79
334,5.5667,0.0000,1.0000,0.143550,67.08,0.0000,1.0000,0.143550,66.88,1.0000,0.3493,0.2655,2871.00
335,5.5833,0.0000,1.0000,0.143621,67.08,0.0000,1.0000,0.143621,66.88,1.0000,0.3487,0.2654,2872.41
336,5.6000,0.0000,1.0000,0.143700,67.08,0.0000,1.0000,0.143700,66.88,1.0000,0.3481,0.2653,2874.01
337,5.6167,0.0000,1.0000,0.143787,67.04,0.0000,1.0000,0.143787,66.87,1.0000,0.3475,0.2652,2875.74
338,5.6333,0.0000,1.0000,0.143878,67.06,0.0000,1.0000,0.143878,66.88,1.0000,0.3470,0.2651,2877.56
339,5.6500,0.0000,1.0000,0.143971,67.06,0.0000,1.0000,0.143971,66.88,1.0000,0.3465,0.2651,2879.42
340,5.6667,0.0000,1.0000,0.144062,67.08,0.0000,1.0000,0.144062,66.88,1.0000,0.3461,0.2650,2881.24
341,5.6833,0.0000,1.0000,0.144147,67.12,0.0000,1.0000,0.144147,66.87,1.0000,0.3456,0.2649,2882.95
342,5.7000,0.0000,1.0000,0.144223,67.12,0.0000,1.0000,0.144223,66.86,1.0000,0.3451,0.2648,2884.46
343,5.7167,0.0000,1.0000,0.144283,67.12,0.0000,1.0000,0.144283,66.86,1.0000,0.3446,0.2647,2885.67
344,5.7333,0.0000,1.0000,0.144325,67.12,0.0000,1.0000,0.144325,66.87,1.0000,0.3441,0.2646,2886.49
345,5.7500,0.0000,1.0000,0.144344,67.10,0.0000,1.0000,0.144344,66.86,1.0000,0.3436,0.2646,2886.88
346,5.7667,0.0000,1.0000,0.144340,67.12,0.0000,1.0000,0.144340,66.86,1.0000,0.3431,0.2645,2886.80
347,5.7833,0.0000,1.0000,0.144314,67.10,0.0000,1.0000,0.144314,66.86,1.0000,0.3426,0.2644,2886.29
348,5.8000,0.0000,1.0000,0.144269,67.10,0.0000,1.0000,0.144269,66.86,1.0000,0.3422,0.2643,2885.39
349,5.8167,0.0000,1.0000,0.144208,67.10,0.0000,1.0000,0.144208,66.86,1.0000,0.3418,0.2642,2884.15
350,5.8333,0.0000,1.0000,0.144131,67.08,0.0000,1.0000,0.144131,66.86,1.0000,0.3414,0.2640,2882.62
351,5.8500,0.0000,1.0000,0.144041,67.08,0.0000,1.0000,0.144041,66.86,1.0000,0.3410,0.2639,2880.82
352,5.8667,0.0000,1.0000,0.143937,67.10,0.0000,1.0000,0.143937,66.86,1.0000,0.3407,0.2638,2878.73
353,5.8833,0.0000,1.0000,0.143818,67.06,0.0000,1.0000,0.143818,66.85,1.0000,0.3404,0.2637,2876.36
354,5.9000,0.0000,1.0000,0.143686,67.06,0.0000,1.0000,0.143686,66.86,1.0000,0.3401,0.2636,2873.72
355,5.9167,0.0000,1.0000,0.143545,67.06,0.0000,1.0000,0.143545,66.86,1.0000,0.3398,0.2634,2870.90
356,5.9333,0.0000,1.0000,0.143398,67.06,0.0000,1.0000,0.143398,66.87,1.0000,0.3395,0.2633,2867.96
357,5.9500,0.0000,1.0000,0.143245,67.04,0.0000,1.0000,0.143245,66.87,1.0000,0.3392,0.2632,2864.90
358,5.9667,0.0000,1.0000,0.143087,67.04,0.0000,1.0000,0.143087,66.86,1.0000,0.3390,0.2630,2861.73
359,5.9833,0.0000,1.0000,0.142923,67.02,0.0000,1.0000,0.142923,66.86,1.0000,0.3388,0.2629,2858.46
360,6.0000,0.0000,1.0000,0.142756,67.02,0.0000,1.0000,0.142756,66.87,1.0000,0.3387,0.2628,2855.12
361,6.0167,0.0000,1.0000,0.142591,67.04,0.0000,1.0000,0.142591,66.87,1.0000,0.3385,0.2627,2851.81
362,6.0333,0.0000,1.0000,0.142431,67.06,0.0000,1.0000,0.142431,66.87,1.0000,0.3383,0.2626,2848.61
363,6.0500,0.0000,1.0000,0.142280,67.10,0.0000,1.0000,0.142280,66.86,1.0000,0.3382,0.2625,2845.61
364,6.0667,0.0000,1.0000,0.142144,67.10,0.0000,1.0000,0.142144,66.86,1.0000,0.3380,0.2625,2842.87
365,6.0833,0.0000,1.0000,0.142023,67.08,0.0000,1.0000,0.142023,66.87,1.0000,0.3377,0.2624,2840.46
366,6.1000,0.0000,1.0000,0.141920,67.10,0.0000,1.0000,0.141920,66.87,1.0000,0.3375,0.2624,2838.40
367,6.1167,0.0000,1.0000,0.141835,67.10,0.0000,1.0000,0.141835,66.86,1.0000,0.3373,0.2623,2836.71
368,6.1333,0.0000,1.0000,0.141769,67.10,0.0000,1.0000,0.141769,66.86,1.0000,0.3371,0.2623,2835.37
369,6.1500,0.0000,1.0000,0.141719,67.10,0.0000,1.0000,0.141719,66.86,1.0000,0.3369,0.2622,2834.38
370,6.1667,0.0000,1.0000,0.141685,67.10,0.0000,1.0000,0.141685,66.86,1.0000,0.3367,0.2622,2833.69
371,6.1833,0.0000,1.0000,0.141666,67.10,0.0000,1.0000,0.141666,66.86,1.0000,0.3366,0.2622,2833.32
372,6.2000,0.0000,1.0000,0.141661,67.10,0.0000,1.0000,0.141661,66.87,1.0000,0.3364,0.2622,2833.23
373,6.2167,0.0000,1.0000,0.141668,67.06,0.0000,1.0000,0.141668,66.87,1.0000,0.3363,0.2622,2833.37
374,6.2333,0.0000,1.0000,0.141686,67.08,0.0000,1.0000,0.141686,66.86,1.0000,0.3362,0.2622,2833.71
375,6.2500,0.0000,1.0000,0.141712,67.08,0.0000,1.0000,0.141712,66.86,1.0000,0.3361,0.2622,2834.24
376,6.2667,0.0000,1.0000,0.141747,67.08,0.0000,1.0000,0.141747,66.87,1.0000,0.3361,0.2622,2834.95
377,6.2833,0.0000,1.0000,0.141792,67.08,0.0000,1.0000,0.141792,66.88,1.0000,0.3360,0.2623,2835.83
378,6.3000,0.0000,1.0000,0.141844,67.06,0.0000,1.0000,0.141844,66.86,1.0000,0.3359,0.2623,2836.88
379,6.3167,0.0000,1.0000,0.141904,67.04,0.0000,1.0000,0.141904,66.86,1.0000,0.3359,0.2623,2838.08
380,6.3333,0.0000,1.0000,0.141970,67.04,0.0000,1.0000,0.141970,66.86,1.0000,0.3359,0.2624,2839.41
381,6.3500,0.0000,1.0000,0.142040,67.04,0.0000,1.0000,0.142040,66.86,1.0000,0.3359,0.2624,2840.81
382,6.3667,0.0000,1.0000,0.142112,67.06,0.0000,1.0000,0.142112,66.87,1.0000,0.3359,0.2624,2842.24
383,6.3833,0.0000,1.0000,0.142183,67.08,0.0000,1.0000,0.142183,66.87,1.0000,0.3359,0.2625,2843.66
384,6.4000,0.0000,1.0000,0.142250,67.10,0.0000,1.0000,0.142250,66.86,1.0000,0.3360,0.2625,2845.00
385,6.4167,0.0000,1.0000,0.142310,67.12,0.0000,1.0000,0.142310,66.86,1.0000,0.3360,0.2626,2846.21
386,6.4333,0.0000,1.0000,0.142360,67.12,0.0000,1.0000,0.142360,66.86,1.0000,0.3360,0.2626,2847.20
387,6.4500,0.0000,1.0000,0.142396,67.12,0.0000,1.0000,0.142396,66.86,1.0000,0.3359,0.2627,2847.92
388,6.4667,0.0000,1.0000,0.142416,67.10,0.0000,1.0000,0.142416,66.86,1.0000,0.3359,0.2627,2848.33
389,6.4833,0.0000,1.0000,0.142420,67.12,0.0000,1.0000,0.142420,66.86,1.0000,0.3359,0.2628,2848.40
390,6.5000,0.0000,1.0000,0.142407,67.12,0.0000,1.0000,0.142407,66.86,1.0000,0.3358,0.2629,2848.14
391,6.5167,0.0000,1.0000,0.142379,67.10,0.0000,1.0000,0.142379,66.86,1.0000,0.3358,0.2629,2847.58
392,6.5333,0.0000,1.0000,0.142338,67.10,0.0000,1.0000,0.142338,66.86,1.0000,0.3358,0.2630,2846.76
393,6.5500,0.0000,1.0000,0.142286,67.10,0.0000,1.0000,0.142286,66.86,1.0000,0.3359,0.2630,2845.72
394,6.5667,0.0000,1.0000,0.142226,67.10,0.0000,1.0000,0.142226,66.86,1.0000,0.3359,0.2631,2844.51
395,6.5833,0.0000,1.0000,0.142159,67.08,0.0000,1.0000,0.142159,66.86,1.0000,0.3359,0.2631,2843.18
396,6.6000,0.0000,1.0000,0.142088,67.06,0.0000,1.0000,0.142088,66.86,1.0000,0.3360,0.2632,2841.75
397,6.6167,0.0000,1.0000,0.142012,67.06,0.0000,1.0000,0.142012,66.86,1.0000,0.3360,0.2633,2840.25
398,6.6333,0.0000,1.0000,0.141933,67.04,0.0000,1.0000,0.141933,66.86,1.0000,0.3361,0.2633,2838.66
399,6.6500,0.0000,1.0000,0.141850,67.04,0.0000,1.0000,0.141850,66.86,1.0000,0.3362,0.2634,2837.00
400,6.6667,0.0000,1.0000,0.141763,67.04,0.0000,1.0000,0.141763,66.86,1.0000,0.3363,0.2635,2835.26
401,6.6833,0.0000,1.0000,0.141672,67.04,0.0000,1.0000,0.141672,66.86,1.0000,0.3364,0.2636,2833.45
402,6.7000,0.0000,1.0000,0.141578,67.04,0.0000,1.0000,0.141578,66.86,1.0000,0.3365,0.2637,2831.55
403,6.7167,0.0000,1.0000,0.141479,67.04,0.0000,1.0000,0.141479,66.86,1.0000,0.3366,0.2638,2829.59
404,6.7333,0.0000,1.0000,0.141379,67.04,0.0000,1.0000,0.141379,66.86,1.0000,0.3367,0.2639,2827.58
405,6.7500,0.0000,1.0000,0.141277,67.08,0.0000,1.0000,0.141277,66.86,1.0000,0.3369,0.2640,2825.55
406,6.7667,0.0000,1.0000,0.141176,67.08,0.0000,1.0000,0.141176,66.86,1.0000,0.3370,0.2641,2823.53
407,6.7833,0.0000,1.0000,0.141079,67.10,0.0000,1.0000,0.141079,66.86,1.0000,0.3371,0.2642,2821.58
408,6.8000,0.0000,1.0000,0.140987,67.10,0.0000,1.0000,0.140987,66.87,1.0000,0.3372,0.2643,2819.74
409,6.8167,0.0000,1.0000,0.140903,67.10,0.0000,1.0000,0.140903,66.86,1.0000,0.3373,0.2644,2818.07
410,6.8333,0.0000,1.0000,0.140829,67.10,0.0000,1.0000,0.140829,66.86,1.0000,0.3374,0.2645,2816.58
411,6.8500,0.0000,1.0000,0.140765,67.10,0.0000,1.0000,0.140765,66.86,1.0000,0.3374,0.2646,2815.30
412,6.8667,0.0000,1.0000,0.140711,67.08,0.0000,1.0000,0.140711,66.86,1.0000,0.3375,0.2647,2814.23
413,6.8833,0.0000,1.0000,0.140668,67.08,0.0000,1.0000,0.140668,66.86,1.0000,0.3376,0.2647,2813.36
414,6.9000,0.0000,1.0000,0.140635,67.10,0.0000,1.0000,0.140635,66.86,1.0000,0.3377,0.2648,2812.69
415,6.9167,0.0000,1.0000,0.140611,67.08,0.0000,1.0000,0.140611,66.86,1.0000,0.3378,0.2649,2812.22
416,6.9333,0.0000,1.0000,0.140596,67.08,0.0000,1.0000,0.140596,66.87,1.0000,0.3379,0.2650,2811.91
417,6.9500,0.0000,1.0000,0.140587,67.08,0.0000,1.0000,0.140587,66.86,1.0000,0.3380,0.2651,2811.74
418,6.9667,0.0000,1.0000,0.140585,67.06,0.0000,1.0000,0.140585,66.87,1.0000,0.3381,0.2651,2811.69
419,6.9833,0.0000,1.0000,0.140589,67.06,0.0000,1.0000,0.140589,66.87,1.0000,0.3382,0.2652,2811.78
420,7.0000,0.0000,1.0000,0.140599,67.06,0.0000,1.0000,0.140599,66.87,1.0000,0.3383,0.2653,2811.99
421,7.0167,0.0000,1.0000,0.140615,67.06,0.0000,1.0000,0.140615,66.87,1.0000,0.3385,0.2653,2812.30
422,7.0333,0.0000,1.0000,0.140636,67.06,0.0000,1.0000,0.140636,66.87,1.0000,0.3386,0.2654,2812.71
423,7.0500,0.0000,1.0000,0.140660,67.04,0.0000,1.0000,0.140660,66.86,1.0000,0.3388,0.2655,2813.20
424,7.0667,0.0000,1.0000,0.140687,67.04,0.0000,1.0000,0.140687,66.86,1.0000,0.3389,0.2656,2813.74
425,7.0833,0.0000,1.0000,0.140715,67.04,0.0000,1.0000,0.140715,66.86,1.0000,0.3391,0.2656,2814.30
426,7.1000,0.0000,1.0000,0.140743,67.08,0.0000,1.0000,0.140743,66.86,1.0000,0.3393,0.2657,2814.87
427,7.1167,0.0000,1.0000,0.140770,67.12,0.0000,1.0000,0.140770,66.86,1.0000,0.3394,0.2658,2815.40
428,7.1333,0.0000,1.0000,0.140794,67.12,0.0000,1.0000,0.140794,66.86,1.0000,0.3396,0.2658,2815.88
429,7.1500,0.0000,1.0000,0.140814,67.12,0.0000,1.0000,0.140814,66.86,1.0000,0.3397,0.2659,2816.28
430,7.1667,0.0000,1.0000,0.140829,67.12,0.0000,1.0000,0.140829,66.87,1.0000,0.3399,0.2660,2816.58
431,7.1833,0.0000,1.0000,0.140839,67.12,0.0000,1.0000,0.140839,66.87,1.0000,0.3400,0.2660,2816.77
432,7.2000,0.0000,1.0000,0.140842,67.12,0.0000,1.0000,0.140842,66.86,1.0000,0.3401,0.2661,2816.84
433,7.2167,0.0000,1.0000,0.140840,67.12,0.0000,1.0000,0.140840,66.86,1.0000,0.3402,0.2662,2816.79
434,7.2333,0.0000,1.0000,0.140831,67.12,0.0000,1.0000,0.140831,66.86,1.0000,0.3403,0.2663,2816.63
435,7.2500,0.0000,1.0000,0.140818,67.10,0.0000,1.0000,0.140818,66.86,1.0000,0.3405,0.2664,2816.36
436,7.2667,0.0000,1.0000,0.140800,67.10,0.0000,1.0000,0.140800,66.86,1.0000,0.3406,0.2664,2816.00
437,7.2833,0.0000,1.0000,0.140779,67.10,0.0000,1.0000,0.140779,66.86,1.0000,0.3407,0.2665,2815.57
438,7.3000,0.0000,1.0000,0.140755,67.10,0.0000,1.0000,0.140755,66.86,1.0000,0.3409,0.2666,2815.10
439,7.3167,0.0000,1.0000,0.140731,67.10,0.0000,1.0000,0.140731,66.86,1.0000,0.3410,0.2667,2814.62
440,7.3333,0.0000,1.0000,0.140708,67.08,0.0000,1.0000,0.140708,66.86,1.0000,0.3412,0.2668,2814.16
441,7.3500,0.0000,1.0000,0.140687,67.08,0.0000,1.0000,0.140687,66.86,1.0000,0.3414,0.2669,2813.74
442,7.3667,0.0000,1.0000,0.140669,67.08,0.0000,1.0000,0.140669,66.86,1.0000,0.3415,0.2670,2813.38
443,7.3833,0.0000,1.0000,0.140655,67.06,0.0000,1.0000,0.140655,66.87,1.0000,0.3417,0.2671,2813.10
444,7.4000,0.0000,1.0000,0.140645,67.08,0.0000,1.0000,0.140645,66.87,1.0000,0.3419,0.2672,2812.90
445,7.4167,0.0000,1.0000,0.140639,67.08,0.0000,1.0000,0.140639,66.87,1.0000,0.3421,0.2674,2812.78
446,7.4333,0.0000,1.0000,0.140636,67.08,0.0000,1.0000,0.140636,66.87,1.0000,0.3423,0.2675,2812.73
447,7.4500,0.0000,1.0000,0.140635,67.08,0.0000,1.0000,0.140635,66.87,1.0000,0.3425,0.2676,2812.71
448,7.4667,0.0000,1.0000,0.140636,67.08,0.0000,1.0000,0.140636,66.86,1.0000,0.3427,0.2677,2812.71
449,7.4833,0.0000,1.0000,0.140637,67.08,0.0000,1.0000,0.140637,66.86,1.0000,0.3429,0.2678,2812.74
450,7.5000,0.0000,1.0000,0.140638,67.12,0.0000,1.0000,0.140638,66.87,1.0000,0.3431,0.2679,2812.77
451,7.5167,0.0000,1.0000,0.140640,67.12,0.0000,1.0000,0.140640,66.87,1.0000,0.3432,0.2680,2812.79
452,7.5333,0.0000,1.0000,0.140640,67.12,0.0000,1.0000,0.140640,66.87,1.0000,0.3433,0.2681,2812.80
453,7.5500,0.0000,1.0000,0.140638,67.10,0.0000,1.0000,0.140638,66.86,1.0000,0.3434,0.2683,2812.77
454,7.5667,0.0000,1.0000,0.140634,67.10,0.0000,1.0000,0.140634,66.86,1.0000,0.3435,0.2684,2812.67
455,7.5833,0.0000,1.0000,0.140625,67.08,0.0000,1.0000,0.140625,66.86,1.0000,0.3436,0.2685,2812.51
456,7.6000,0.0000,1.0000,0.140613,67.08,0.0000,1.0000,0.140613,66.86,1.0000,0.3437,0.2686,2812.26
457,7.6167,0.0000,1.0000,0.140597,67.08,0.0000,1.0000,0.140597,66.86,1.0000,0.3438,0.2688,2811.93
458,7.6333,0.0000,1.0000,0.140576,67.08,0.0000,1.0000,0.140576,66.86,1.0000,0.3440,0.2689,2811.52
459,7.6500,0.0000,1.0000,0.140552,67.08,0.0000,1.0000,0.140552,66.86,1.0000,0.3441,0.2690,2811.04
460,7.6667,0.0000,1.0000,0.140525,67.08,0.0000,1.0000,0.140525,66.87,1.0000,0.3442,0.2691,2810.51
461,7.6833,0.0000,1.0000,0.140496,67.08,0.0000,1.0000,0.140496,66.87,1.0000,0.3444,0.2693,2809.92
462,7.7000,0.0000,1.0000,0.140463,67.08,0.0000,1.0000,0.140463,66.87,1.0000,0.3446,0.2694,2809.26
463,7.7167,0.0000,1.0000,0.140427,67.08,0.0000,1.0000,0.140427,66.87,1.0000,0.3447,0.2695,2808.54
464,7.7333,0.0000,1.0000,0.140387,67.08,0.0000,1.0000,0.140387,66.87,1.0000,0.3449,0.2696,2807.73
465,7.7500,0.0000,1.0000,0.140340,67.08,0.0000,1.0000,0.140340,66.87,1.0000,0.3451,0.2698,2806.80
466,7.7667,0.0000,1.0000,0.140286,67.10,0.0000,1.0000,0.140286,66.87,1.0000,0.3453,0.2699,2805.72
467,7.7833,0.0000,1.0000,0.140224,67.08,0.0000,1.0000,0.140224,66.87,1.0000,0.3454,0.2700,2804.47
468,7.8000,0.0000,1.0000,0.140153,67.08,0.0000,1.0000,0.140153,66.87,1.0000,0.3456,0.2702,2803.06
469,7.8167,0.0000,1.0000,0.140075,67.10,0.0000,1.0000,0.140075,66.87,1.0000,0.3458,0.2703,2801.50
470,7.8333,0.0000,1.0000,0.139991,67.14,0.0000,1.0000,0.139991,66.88,1.0000,0.3459,0.2704,2799.83
471,7.8500,0.0000,1.0000,0.139904,67.12,0.0000,1.0000,0.139904,66.87,1.0000,0.3460,0.2706,2798.08
472,7.8667,0.0000,1.0000,0.139815,67.12,0.0000,1.0000,0.139815,66.88,1.0000,0.3461,0.2707,2796.29
473,7.8833,0.0000,1.0000,0.139724,67.12,0.0000,1.0000,0.139724,66.88,1.0000,0.3462,0.2709,2794.48
474,7.9000,0.0000,1.0000,0.139634,67.12,0.0000,1.0000,0.139634,66.88,1.0000,0.3462,0.2710,2792.69
475,7.9167,0.0000,1.0000,0.139548,67.12,0.0000,1.0000,0.139548,66.88,1.0000,0.3463,0.2712,2790.96
476,7.9333,0.0000,1.0000,0.139468,67.14,0.0000,1.0000,0.139468,66.88,1.0000,0.3463,0.2713,2789.36
477,7.9500,0.0000,1.0000,0.139398,67.14,0.0000,1.0000,0.139398,66.87,1.0000,0.3463,0.2715,2787.97
478,7.9667,0.0000,1.0000,0.139342,67.14,0.0000,1.0000,0.139342,66.87,1.0000,0.3463,0.2717,2786.84
479,7.9833,0.0000,1.0000,0.139302,67.14,0.0000,1.0000,0.139302,66.87,1.0000,0.3463,0.2718,2786.05
480,8.0000,0.0000,1.0000,0.139281,67.12,0.0000,1.0000,0.139281,66.86,1.0000,0.3463,0.2720,2785.62
481,8.0167,0.0000,1.0000,0.139279,67.10,0.0000,1.0000,0.139279,66.86,1.0000,0.3463,0.2722,2785.58
482,8.0333,0.0000,1.0000,0.139296,67.10,0.0000,1.0000,0.139296,66.87,1.0000,0.3464,0.2724,2785.92
483,8.0500,0.0000,1.0000,0.139331,67.12,0.0000,1.0000,0.139331,66.87,1.0000,0.3464,0.2725,2786.61
484,8.0667,0.0000,1.0000,0.139382,67.12,0.0000,1.0000,0.139382,66.87,1.0000,0.3465,0.2727,2787.63
485,8.0833,0.0000,1.0000,0.139448,67.12,0.0000,1.0000,0.139448,66.87,1.0000,0.3465,0.2729,2788.97
486,8.1000,0.0000,1.0000,0.139530,67.12,0.0000,1.0000,0.139530,66.86,1.0000,0.3466,0.2731,2790.59
487,8.1167,0.0000,1.0000,0.139624,67.12,0.0000,1.0000,0.139624,66.87,1.0000,0.3466,0.2732,2792.49
488,8.1333,0.0000,1.0000,0.139731,67.10,0.0000,1.0000,0.139731,66.87,1.0000,0.3467,0.2734,2794.63
489,8.1500,0.0000,1.0000,0.139849,67.10,0.0000,1.0000,0.139849,66.87,1.0000,0.3467,0.2736,2796.97
490,8.1667,0.0000,1.0000,0.139974,67.10,0.0000,1.0000,0.139974,66.86,1.0000,0.3468,0.2738,2799.48
491,8.1833,0.0000,1.0000,0.140104,67.10,0.0000,1.0000,0.140104,66.87,1.0000,0.3468,0.2740,2802.09
492,8.2000,0.0000,1.0000,0.140237,67.10,0.0000,1.0000,0.140237,66.86,1.0000,0.3469,0.2741,2804.75
493,8.2167,0.0000,1.0000,0.140370,67.12,0.0000,1.0000,0.140370,66.86,1.0000,0.3469,0.2743,2807.39
494,8.2333,0.0000,1.0000,0.140498,67.14,0.0000,1.0000,0.140498,66.86,1.0000,0.3469,0.2745,2809.96
495,8.2500,0.0000,1.0000,0.140620,67.14,0.0000,1.0000,0.140620,66.87,1.0000,0.3468,0.2747,2812.40
496,8.2667,0.0000,1.0000,0.140731,67.14,0.0000,1.0000,0.140731,66.86,1.0000,0.3468,0.2749,2814.63
497,8.2833,0.0000,1.0000,0.140828,67.14,0.0000,1.0000,0.140828,66.86,1.0000,0.3467,0.2751,2816.57
498,8.3000,0.0000,1.0000,0.140908,67.14,0.0000,1.0000,0.140908,66.86,1.0000,0.3467,0.2753,2818.16
499,8.3167,0.0000,1.0000,0.140967,67.10,0.0000,1.0000,0.140967,66.86,1.0000,0.3466,0.2754,2819.34
